document_id,filename,dignity,fantasy,fear,hope,justice,manipulation,pragmatism,resentment,tribalism,truth,civic_character_index,combined_salience_total,emotional_tension,identity_tension,justice_tension,reality_tension,truth_tension,vice_salience_total,virtue_salience_total,weighted_vice_score,weighted_virtue_score,evidence_hash
ab348df3d593,john_lewis_1963_march_on_washington_ab348df3.txt,0.9,0.0,0.8,0.9,1.0,0.7,0.8,1.0,0.3,0.9,0.27424653620911305,7.0,0.16000000000000006,0.18000000000000002,0.0,0.0,0.21000000000000002,2.6,4.4,2.07,3.99,041c09abd3ff6365
ff9b26f20ad6...,john_mccain_2008_concession_ff9b26f2.txt,0.9,0.0,0.1,0.9,0.7,0.0,0.8,0.0,0.0,0.8,0.804570340395144,4.2,0.08000000000000002,0.0,0.0,0.0,0.0,0.1,4.1,0.010000000000000002,3.39,6b2335ed67266925
DOCUMENT_ID_PLACEHOLDER,steve_king_2017_house_floor_738780d9.txt,0.1,0.4,0.9,0.1,0.2,0.8,0.3,0.9,0.9,0.3,-0.5659095321296835,5.15,0.08000000000000002,0.085,0.12000000000000002,0.03000000000000001,0.09000000000000001,3.9000000000000004,1.25,3.2300000000000004,0.315,cbeb45974793430b
mitt_romney_2020_impeachment_9ebec73f,mitt_romney_2020_impeachment_9ebec73f.txt,0.9,0.5,0.6,0.6,0.9,0.7,0.9,0.6,0.3,0.9,0.30281388373089557,7.0,0.059999999999999984,0.06000000000000002,0.24,0.2,0.21000000000000002,2.8,4.2,1.48,3.6,8ea2bf799824f796
516a3c9c1240,jd_vance_2022_natcon_conference_516a3c9c.txt,0.1,0.1,0.9,0.6,0.05,0.8,0.8,0.9,0.9,0.1,-0.404249182849452,5.2,0.18000000000000002,0.085,0.0425,0.07500000000000001,0.07500000000000001,3.6,1.6,3.12,1.0175,a0f9fbf9f84083b6
261b893a3844,bernie_sanders_2025_fighting_oligarchy_261b893a.txt,0.1,0.3,0.8,0.7,0.4,0.8,0.1,0.9,0.9,0.7,-0.3586497890295359,5.45,0.14000000000000004,0.08000000000000002,0.25999999999999995,0.010000000000000002,0.07000000000000006,3.65,1.7999999999999998,3.0050000000000003,1.0499999999999998,8f2cbda320fbbcb3
{{artifact_id}},alexandria_ocasio_cortez_2025_fighting_oligarchy_1121e4ae.txt,0.7,0.0,0.8,0.8,0.7,0.8,0.7,1.0,0.9,0.7,-0.09153640332347562,7.1,0.0,0.21000000000000002,0.21000000000000002,0.0,0.14000000000000004,3.6,3.5,3.18,2.53,fd86d893049d8edf
